ICS	PART NAME	CODE	"Unit Price
Purchase
USD"	" Unit Price
Sales
PHP "	L0035696		L0035704		9235 9242 9273 9289 9305		L0035721		"L0035732
L0035734"		S0001131		L0035786								TOTAL PO QTY	TOTAL PO AMT
0061950700	TPS-PN-C/T4-16-CFK/528 Screw	IP	  0.0082 	  -   	  -   	  -   	  -   	  -   	  -   	  -   	  -   	  -   	  -   	  -   	  -   	  -   	  -   	  -   		  -   		  -   		  -   	  -   	  -
0204294000	TPS-PN-C/T4-14-CF8/579 Tapping Screw	IP	  0.0069 	  -   	  -   	  -   	  -   	  -   	  -   	  -   	  -   	  -   	  -   	  -   	  -   	  -   	  -   	  -   		  -   		  -   		  -   	  -   	  -
0458812601	W4223M/HL UNIT HEADLIGHT	IP	  4.0033 	  -   	  -   	  -   	  -   	  -   	  -   	  -   	  -   	  -   	  -   	  -   	  -   	  -   	  -   	  -   		  -   		  -   		  -   	  -   	  -
0516617900	W4758M/GASKET Rubber L/R	IP	  0.0251 	  2.1800 	  -   	  -   	  -   	  -   	  -   	  -   	  -   	  -   	  -   	  -   	  -   	  -   	  -   	  -   		  -   		  -   		  -   	  -   	  -
0569222900	TPS-WP-SP-C/T4-14-CF8/623 Screw	IP	  0.0289 	  2.6200 	  -   	  -   	  -   	  -   	  -   	  -   	  -   	  -   	  -   	  -   	  -   	  -   	  -   	  -   		  -   		  -   		  -   	  -   	  -
0900044500	PIVOT-SRW/8-9-CF8/069 Screw	IP	  0.0429 	  2.9900 	  -   	  -   	  -   	  -   	  -   	  -   	  -   	  -   	  26,000 	  77,740 	  -   	  -   	  -   	  -   		  -   		  -   		  -   	  26,000 	  77,740
0942512800	TPS-PN-C/T4-16-CFK/695	IP	  0.0068 	  -   	  -   	  -   	  -   	  -   	  -   	  -   	  -   	  -   	  -   	  -   	  -   	  -   	  -   	  -   		  -   		  -   		  -   	  -   	  -
1873246700	AS and GR/M5-52-CF8/489	IP	  0.1631 	  20.1000 	  116,000 	  2,331,600 	  -   	  -   	  -   	  -   	  -   	  -   	  -   	  -   	  -   	  -   	  -   	  -   		  -   		  -   		  -   	  116,000 	  2,331,600
2063588600	TPS-PN-C/T4-16-CF8/521 Tapping Screw	IP	  0.0074 	  -   	  -   	  -   	  -   	  -   	  -   	  -   	  -   	  -   	  -   	  -   	  -   	  -   	  -   	  -   		  -   		  -   		  -   	  -   	  -
2589207002	W4758L/CORD CP NEW	IP	  0.3338 	  25.8600 	  -   	  -   	  -   	  -   	  -   	  -   	  -   	  -   	  -   	  -   	  -   	  -   	  -   	  -   		  -   		  -   		  -   	  -   	  -
2851649501	T9518M/RR REFLEX REFLECTOR	IP	  0.1800 	  16.8900 	  -   	  -   	  -   	  -   	  -   	  -   	  -   	  -   	  -   	  -   	  -   	  -   	  -   	  -   		  -   		  -   		  -   	  -   	  -
2997530202	W4758R/CORD CP NEW	IP	  0.3359 	  25.8300 	  -   	  -   	  -   	  -   	  -   	  -   	  -   	  -   	  -   	  -   	  -   	  -   	  -   	  -   		  -   		  -   		  -   	  -   	  -
3228833200	TPS-PN-C/T4-12-CF8/530 Tapping Screw	IP	  0.0065 	  -   	  -   	  -   	  -   	  -   	  -   	  -   	  -   	  -   	  -   	  -   	  -   	  -   	  -   	  -   		  -   		  -   		  -   	  -   	  -
3768866500	W4621M/CORD CP3	IP	  0.7969 	  58.7600 	  -   	  -   	  -   	  -   	  -   	  -   	  -   	  -   	  -   	  -   	  -   	  -   	  -   	  -   		  -   		  -   		  -   	  -   	  -
4753221300	W4222M/CF8 STAY HOLDER L/R	IP	  0.0316 	  3.0800 	  17,500 	  53,900 	  -   	  -   	  -   	  -   	  -   	  -   	  -   	  -   	  -   	  -   	  -   	  -   		  -   		  -   		  -   	  17,500 	  53,900
5744490800	W5802M/CORD CP	IP	  1.6158 	  88.1800 	  6,500 	  573,170 	  -   	  -   	  -   	  -   	  -   	  -   	  -   	  -   	  -   	  -   	  -   	  -   		  -   		  -   		  -   	  6,500 	  573,170
5864179000	W6618M CORD CP	IP	  0.2366 	  18.3200 	  6,000 	  109,920 	  -   	  -   	  -   	  -   	  -   	  -   	  -   	  -   	  -   	  -   	  1,200 	  21,984 		  -   		  -   		  -   	  7,200 	  131,904
6009659700	W4758M/CUSHION Rubber L/R	IP	  0.0143 	  1.3700 	  -   	  -   	  -   	  -   	  -   	  -   	  -   	  -   	  -   	  -   	  -   	  -   	  -   	  -   		  -   		  -   		  -   	  -   	  -
6067069200	WS-GRIP/5/017 Screw	IP	  0.0192 	  1.4000 	  110,000 	  154,000 	  -   	  -   	  -   	  -   	  -   	  -   	  -   	  -   	  -   	  -   	  -   	  -   		  -   		  -   		  -   	  110,000 	  154,000
6071257300	AN-CRML/M5/009 Rubber	IP	  -   	  -   	  -   	  -   	  -   	  -   	  -   	  -   	  -   	  -   	  -   	  -   	  -   	  -   	  -   	  -   		  -   		  -   		  -   	  -   	  -
6207316000	W4222M/HOLDER L/R	IP	  0.0391 	  3.5300 	  16,500 	  58,245 	  -   	  -   	  -   	  -   	  -   	  -   	  -   	  -   	  -   	  -   	  -   	  -   		  -   		  -   		  -   	  16,500 	  58,245
6802158800	HLD-CRD/077 Holder L/R	IP	  0.0058 	  0.4600 	  -   	  -   	  -   	  -   	  -   	  -   	  -   	  -   	  -   	  -   	  -   	  -   	  -   	  -   		  -   		  -   		  -   	  -   	  -
6808171800	W5498R/CORD CP	IP	  0.3048 	  22.6200 	  8,500 	  192,270 	  -   	  -   	  -   	  -   	  -   	  -   	  -   	  -   	  -   	  -   	  -   	  -   		  -   		  -   		  -   	  8,500 	  192,270
6906093500	AS&GR/M5-44-CF8/434 Screw	IP	  0.1515 	  11.1700 	  1,000 	  11,170 	  -   	  -   	  -   	  -   	  -   	  -   	  -   	  -   	  -   	  -   	  -   	  -   		  -   		  -   		  -   	  1,000 	  11,170
7476936500	W4222M/STAY WINKER	IP	  0.8006 	  61.9100 	  17,600 	  1,089,616 	  -   	  -   	  -   	  -   	  -   	  -   	  -   	  -   	  -   	  -   	  -   	  -   		  -   		  -   		  -   	  17,600 	  1,089,616
7673847500	AN-BSH/M5/041	IP	  0.0456 	  3.1400 	  96,000 	  301,440 	  -   	  -   	  -   	  -   	  -   	  -   	  -   	  -   	  -   	  -   	  -   	  -   		  -   		  -   		  -   	  96,000 	  301,440
7889009600	CVR-SKT-BLB-SL/191 COVER RUBBER	IP	  0.2649 	  21.5700 	  6,000 	  129,420 	  -   	  -   	  -   	  -   	  -   	  -   	  -   	  -   	  -   	  -   	  600 	  12,942 		  -   		  -   		  -   	  6,600 	  142,362
8788282900	YH/90183-06818/NUT	IP	  0.0586 	  4.0900 	  -   	  -   	  -   	  -   	  -   	  -   	  -   	  -   	  -   	  -   	  -   	  -   	  -   	  -   		  -   		  -   		  -   	  -   	  -
9099454900	PIVOT-SRW/8-6-CF8/062	IP	  0.0289 	  2.1900 	  1,000 	  2,190 	  -   	  -   	  -   	  -   	  -   	  -   	  2,000 	  4,380 	  -   	  -   	  -   	  -   		  -   		  -   		  -   	  3,000 	  6,570
9151781700	W2109M/PLT	IP	  0.0209 	  1.4800 	  84,000 	  124,320 	  -   	  -   	  -   	  -   	  -   	  -   	  -   	  -   	  -   	  -   	  18,000 	  26,640 		  -   		  -   		  -   	  102,000 	  150,960
9187690600	SPG-LAMP-SUPPORT/159    	IP	  -   	  -   	  -   	  -   	  -   	  -   	  -   	  -   	  -   	  -   	  -   	  -   	  -   	  -   	  -   	  -   		  -   		  -   		  -   	  -   	  -
9255848700	YH/90183-05807/NUT Spring	IP	  0.0283 	  1.9300 	  12,000 	  23,160 	  -   	  -   	  -   	  -   	  -   	  -   	  -   	  -   	  -   	  -   	  -   	  -   		  -   		  -   		  -   	  12,000 	  23,160
9694657000	TUBE BREATHER ASSY/036 L/R	IP	  0.0286 	  2.3000 	  24,000 	  55,200 	  -   	  -   	  -   	  -   	  -   	  -   	  -   	  -   	  -   	  -   	  4,000 	  9,200 		  -   		  -   		  -   	  28,000 	  64,400
9703150900	W5498L/CORD CP	IP	  0.3050 	  23.3400 	  9,000 	  210,060 	  -   	  -   	  -   	  -   	  -   	  -   	  -   	  -   	  -   	  -   	  -   	  -   		  -   		  -   		  -   	  9,000 	  210,060
9853111400	O-RING/10.8-4.8/065 Rubber	IP	  0.0099 	  0.6800 	  110,000 	  74,800 	  -   	  -   	  -   	  -   	  -   	  -   	  -   	  -   	  -   	  -   	  -   	  -   		  -   		  -   		  -   	  110,000 	  74,800
2205162800	WIR-SL-CLP/288	IP	  0.1954 	  0.2610 	  -   	  -   	  -   	  -   	  13,200 	  3,445 	  -   	  -   	  -   	  -   	  -   	  -   	  -   	  -   		  -   		  -   		  -   	  13,200 	  210,946
5590557600	WIR-SL-CLP/267	IP	  0.1015 	  -   	  -   	  -   	  -   	  -   	  -   	  -   	  -   	  -   	  -   	  -   	  -   	  -   	  -   	  -   		  -   		  -   		  -   	  -   	  -
8825633600	WIR-SL-CLP/261	IP	  0.0818 	  -   	  -   	  -   	  -   	  -   	  -   	  -   	  -   	  -   	  -   	  -   	  -   	  -   	  -   	  -   		  -   		  -   		  -   	  -   	  -
0000000001	KINGFA KF06	R	  -   	  -   	  -   	  -   	  -   	  -   	  -   	  -   	  -   	  -   	  -   	  -   	  -   	  -   	  -   	  -   		  -   		  -   		  -   	  -   	  -
0564232900	PMMA MH (SMOKE GRAY) SFM4839M	R	  3.6562 	  284.9400 	  -   	  -   	  1,800 	  512,892 	  -   	  -   	  -   	  -   	  -   	  -   	  -   	  -   	  -   	  -   		  -   		  -   		  -   	  1,800 	  512,892
2978059500	EMC430X8/TJA7089Z G/BK A	R	  4.7724 	  336.4700 	  -   	  -   	  -   	  -   	  -   	  -   	  -   	  -   	  -   	  -   	  -   	  -   	  -   	  -   		  -   		  -   		  -   	  -   	  -
3858013200	18/MH/4312/RD/A	R	  2.5480 	  197.3400 	  -   	  -   	  -   	  -   	  -   	  -   	  -   	  -   	  -   	  -   	  -   	  -   	  -   	  -   		  -   		  -   		  -   	  -   	  -
3922773800	9L/HK-20/N0607/BK/A	R	  -   	  136.0100 	  -   	  -   	  -   	  -   	  -   	  -   	  -   	  -   	  -   	  -   	  -   	  -   	  -   	  -   		  -   		  -   		  -   	  -   	  -
3922773800*	9L/HK-20/N0607/BK/A_700KG	R	  1.3260 	  136.0100 	  -   	  -   	  70,700 	  9,615,907 	  -   	  -   	  36,400 	  4,950,764 	  -   	  -   	  -   	  -   	  -   	  -   		  -   		  -   		  -   	  107,100 	  14,566,671
5940624800	EMC405AX-14A BK	R	  4.1552 	  294.9500 	  -   	  -   	  -   	  -   	  -   	  -   	  -   	  -   	  -   	  -   	  -   	  -   	  -   	  -   		  -   		  -   		  -   	  -   	  -
7497093101	18/MH/011/CL/A	R	  2.2450 	  210.5000 	  -   	  -   	  3,400 	  715,700 	  -   	  -   	  -   	  -   	  -   	  -   	  -   	  -   	  -   	  -   		  -   		  -   		  -   	  3,400 	  715,700
7497093101*	18/MH/011/CL/A_500KG	R	  2.2450 	  210.5000 	  -   	  -   	  -   	  -   	  -   	  -   	  -   	  -   	  -   	  -   	  -   	  -   	  -   	  -   		  -   		  -   		  -   	  -   	  -
8706522700	44/MH/4334/RD/A	R	  2.5450 	  238.5800 	  -   	  -   	  2,850 	  679,953 	  -   	  -   	  -   	  -   	  -   	  -   	  -   	  -   	  -   	  -   		  -   		  -   		  -   	  2,850 	  679,953
8718902300	HK30D/W0271 WHITE	R	  1.4250 	  138.8900 	  -   	  -   	  10,300 	  1,430,567 	  -   	  -   	  6,500 	  902,785 	  -   	  -   	  -   	  -   	  -   	  -   		  -   		  -   		  -   	  16,800 	  2,333,352
9034989900	LX MMA 2B/IH830C/NA/CL/A	R	  2.0810 	  146.3300 	  -   	  -   	  -   	  -   	  -   	  -   	  -   	  -   	  -   	  -   	  -   	  -   	  -   	  -   		  -   		  -   		  -   	  -   	  -
9034989900*	LX MMA 2B/IH830C/NA/CL/A_500KG	R	  2.0810 	  146.3300 	  -   	  -   	  65,900 	  9,643,147 	  -   	  -   	  16,925 	  2,476,635 	  -   	  -   	  -   	  -   	  -   	  -   		  -   		  -   		  -   	  82,825 	  12,119,782
0000000011	PMMA SUMIPEX ME	R	  3.9223 	  272.4691 	  -   	  -   	  -   	  -   	  -   	  -   	  -   	  -   	  -   	  -   	  -   	  -   	  -   	  -   		  -   		  -   		  -   	  -   	  -
0000000920	PP GSC 1A920T BKN12	R	  2.9429 	  204.1375 	  -   	  -   	  -   	  -   	  -   	  -   	  -   	  -   	  -   	  -   	  -   	  -   	  -   	  -   		  -   		  -   		  -   	  -   	  -
0000000930	PP GSC CJ930E WH	R	  2.9534 	  204.1987 	  -   	  -   	  -   	  -   	  -   	  -   	  -   	  -   	  -   	  -   	  -   	  -   	  -   	  -   		  -   		  -   		  -   	  -   	  -
1296568000	CDH1289A/P-SAY S-18931B_Driver	EC	  3.2418 	  135.3300 	  52,910 	  7,160,310 	  -   	  -   	  -   	  -   	  -   	  -   	  -   	  -   	  -   	  -   	  2,890 	  391,104 		  -   		  -   		  -   	  55,800 	  7,551,414
1831285900	CDH1326A/LDU M_K2VN	EC	  9.7255 	  633.2000 	  -   	  -   	  -   	  -   	  -   	  -   	  -   	  -   	  -   	  -   	  -   	  -   	  -   	  -   		  -   		  -   		  -   	  -   	  -
2371615100	CDX0066A/LDU M_T20	EC	  7.4504 	  578.0500 	  5,760 	  3,329,568 	  -   	  -   	  -   	  -   	  -   	  -   	  -   	  -   	  -   	  -   	  -   	  -   		  -   		  -   		  -   	  5,760 	  3,329,568
5991333600	CDX0035A/LDU M_X30 TL	EC	  -   	  216.1200 	  -   	  -   	  -   	  -   	  -   	  -   	  -   	  -   	  -   	  -   	  -   	  -   	  -   	  -   		  -   		  -   		  -   	  -   	  -
6766950900	CDH1326A/LDU M/PKG2_LoHi	EC	  3.2418 	  114.1800 	  59,920 	  6,841,666 	  -   	  -   	  -   	  -   	  -   	  -   	  -   	  -   	  -   	  -   	  -   	  -   		  -   		  -   		  -   	  59,920 	  6,841,666
7898681600	CDH1326A/LDU M/PKG1_FT PO	EC	  3.2418 	  383.6900 	  52,920 	  20,304,875 	  -   	  -   	  -   	  -   	  -   	  -   	  -   	  -   	  -   	  -   	  2,880 	  1,105,027 		  -   		  -   		  -   	  55,800 	  21,409,902
9563512100	CDX0033/LDU M_X30 HL	EC	  -   	  680.7300 	  -   	  -   	  -   	  -   	  -   	  -   	  -   	  -   	  -   	  -   	  420 	  285,907 	  -   	  -   		  -   		  -   		  -   	  420 	  285,907
